space,rent
20,13.95882370456966
25,11.533804958435004
28,14.269547285650551
30,18.722679597604373
36,19.602673970449903
51,16.068166360370768
55,23.1835985859101
62,22.212595041773575
83,29.357010111285994
103,37.56512883914845
