space,rent,age
20,13.95882370456966,3
25,11.533804958435004,13
28,14.269547285650551,18
30,18.722679597604373,10
36,19.602673970449903,6
51,16.068166360370768,1
55,23.1835985859101,5
62,22.212595041773575,2
83,29.357010111285994,5
103,37.56512883914845,23
