space,rent,age,facing_direction
20,13.95882370456966,3,South
25,11.533804958435004,13,South
28,14.269547285650551,18,North
30,18.722679597604373,10,West
36,19.602673970449903,6,West
51,16.068166360370768,1,South
55,23.1835985859101,5,East
62,22.212595041773575,2,North
83,29.357010111285994,5,North
103,37.56512883914845,23,West
